"Populatie"";""Kenmerken van huishoudens"";""Perioden"";""Regio's"";""Particuliere huishoudens (x 1 000)"";""Inkomen/Gemiddeld gestandaardiseerd inkomen (1 000 euro)"";""Inkomen/Mediaan gestandaardiseerd inkomen (1 000 euro)"";""Inkomen/Gemiddeld besteedbaar inkomen (1 000 euro)"";""Inkomen/Mediaan besteedbaar inkomen (1 000 euro)"
"Particuliere huishoudens incl. studenten"";""Particuliere huishoudens"";""2024*"";""Aa en Hunze"";11,4;42,5;38,8;62,3;53,9
""Particuliere huishoudens incl. studenten"";""Particuliere huishoudens"";""2024*"";""Aalsmeer"";14,3;52;39,9;77,2;56
""Particuliere huishoudens incl. studenten"";""Particuliere huishoudens"";""2024*"";""Aalten"";11,7;40,4;36,4;60,2;50,3
""Particuliere huishoudens incl. studenten"";""Particuliere huishoudens"";""2024*"";""Achtkarspelen"";12,1;36,2;33,6;53,8;46,1
""Particuliere huishoudens incl. studenten"";""Particuliere huishoudens"";""2024*"";""Alblasserdam"";8,5;41,7;36,4;63;50,2
""Particuliere huishoudens incl. studenten"";""Particuliere huishoudens"";""2024*"";""Albrandswaard"";10,6;51,2;43,7;78,4;63,9
""Particuliere huishoudens incl. studenten"";""Particuliere huishoudens"";""2024*"";""Alkmaar"";54,1;40,2;37;56,6;47,2
""Particuliere huishoudens incl. studenten"";""Particuliere huishoudens"";""2024*"";""Almelo"";33,6;39,2;33,4;56,1;43,9
""Particuliere huishoudens incl. studenten"";""Particuliere huishoudens"";""2024*"";""Almere"";95,8;41;38,2;60,8;53,4
""Particuliere huishoudens incl. studenten"";""Particuliere huishoudens"";""2024*"";""Alphen aan den Rijn"";50,5;43,9;39,5;64,4;54,2
""Particuliere huishoudens incl. studenten"";""Particuliere huishoudens"";""2024*"";""Alphen-Chaam"";4,4;48,2;41,2;73,3;59,2
""Particuliere huishoudens incl. studenten"";""Particuliere huishoudens"";""2024*"";""Altena"";23,7;43,2;38,3;65,9;55,2
""Particuliere huishoudens incl. studenten"";""Particuliere huishoudens"";""2024*"";""Ameland"";1,8;;33,6;;44,2
""Particuliere huishoudens incl. studenten"";""Particuliere huishoudens"";""2024*"";""Amersfoort"";72,4;43,5;39,6;63,2;53,2
""Particuliere huishoudens incl. studenten"";""Particuliere huishoudens"";""2024*"";""Amstelveen"";44,1;49,1;38,5;71,8;49,5
""Particuliere huishoudens incl. studenten"";""Particuliere huishoudens"";""2024*"";""Amsterdam"";498;43,8;33,8;58,4;40,1
""Particuliere huishoudens incl. studenten"";""Particuliere huishoudens"";""2024*"";""Apeldoorn"";75,9;42,5;37,1;60,7;49,3
""Particuliere huishoudens incl. studenten"";""Particuliere huishoudens"";""2024*"";""Arnhem"";83,9;36,7;33,1;50,4;40,2
""Particuliere huishoudens incl. studenten"";""Particuliere huishoudens"";""2024*"";""Assen"";32,4;38,3;35,6;54;45,9
""Particuliere huishoudens incl. studenten"";""Particuliere huishoudens"";""2024*"";""Asten"";7,4;44,1;37,7;66,1;52,6
""Particuliere huishoudens incl. studenten"";""Particuliere huishoudens"";""2024*"";""Baarle-Nassau"";3,1;42,4;37,4;62,7;49,7
""Particuliere huishoudens incl. studenten"";""Particuliere huishoudens"";""2024*"";""Baarn"";11,2;49,6;39,5;72;51,8
""Particuliere huishoudens incl. studenten"";""Particuliere huishoudens"";""2024*"";""Barendrecht"";19,7;48,1;42,6;73,6;62,5
""Particuliere huishoudens incl. studenten"";""Particuliere huishoudens"";""2024*"";""Barneveld"";23,6;44,4;38,6;69,6;58,1
""Particuliere huishoudens incl. studenten"";""Particuliere huishoudens"";""2024*"";""Beek (L.)"";7,6;40,4;37,3;57,8;49,1
""Particuliere huishoudens incl. studenten"";""Particuliere huishoudens"";""2024*"";""Beekdaelen"";16,3;42,1;37,8;60,8;51,1
""Particuliere huishoudens incl. studenten"";""Particuliere huishoudens"";""2024*"";""Beesel"";6;38,5;35,8;56,3;48,6
""Particuliere huishoudens incl. studenten"";""Particuliere huishoudens"";""2024*"";""Berg en Dal"";16,3;42,5;36,3;61,3;47,7
""Particuliere huishoudens incl. studenten"";""Particuliere huishoudens"";""2024*"";""Bergeijk"";8,3;46,3;40,1;69,3;56,7
""Particuliere huishoudens incl. studenten"";""Particuliere huishoudens"";""2024*"";""Bergen (L.)"";5,7;40,2;37;59,6;51,7
""Particuliere huishoudens incl. studenten"";""Particuliere huishoudens"";""2024*"";""Bergen (NH.)"";14,1;57,1;39,7;81,6;51,7
""Particuliere huishoudens incl. studenten"";""Particuliere huishoudens"";""2024*"";""Bergen op Zoom"";31,6;40;36,3;57,6;48,1
""Particuliere huishoudens incl. studenten"";""Particuliere huishoudens"";""2024*"";""Berkelland"";19,2;40,1;37,2;59,2;51,1
""Particuliere huishoudens incl. studenten"";""Particuliere huishoudens"";""2024*"";""Bernheze"";13,5;47,7;39,3;73;55,9
""Particuliere huishoudens incl. studenten"";""Particuliere huishoudens"";""2024*"";""Best"";13,7;46,9;40,2;68,6;56,2
""Particuliere huishoudens incl. studenten"";""Particuliere huishoudens"";""2024*"";""Beuningen"";11,6;44,7;39,5;66,6;55,2
""Particuliere huishoudens incl. studenten"";""Particuliere huishoudens"";""2024*"";""Beverwijk"";19,6;39,7;36,7;56,9;47,4
""Particuliere huishoudens incl. studenten"";""Particuliere huishoudens"";""2024*"";""De Bilt"";19,4;53,5;41,3;78,8;55,2
""Particuliere huishoudens incl. studenten"";""Particuliere huishoudens"";""2024*"";""Bladel"";9,1;43,7;39,1;65,3;54,8
""Particuliere huishoudens incl. studenten"";""Particuliere huishoudens"";""2024*"";""Blaricum"";5,3;93,1;44,3;142,3;62,7
""Particuliere huishoudens incl. studenten"";""Particuliere huishoudens"";""2024*"";""Bloemendaal"";10;84,2;48,3;130,5;67,9
""Particuliere huishoudens incl. studenten"";""Particuliere huishoudens"";""2024*"";""Bodegraven-Reeuwijk"";15,2;50,9;40,7;75,9;58,9
""Particuliere huishoudens incl. studenten"";""Particuliere huishoudens"";""2024*"";""Boekel"";4,5;43,7;39,3;67,3;57,1
""Particuliere huishoudens incl. studenten"";""Particuliere huishoudens"";""2024*"";""Borger-Odoorn"";11,5;39,9;36,6;58,5;50,2
""Particuliere huishoudens incl. studenten"";""Particuliere huishoudens"";""2024*"";""Borne"";10,4;42,9;38,7;64,4;54,7
""Particuliere huishoudens incl. studenten"";""Particuliere huishoudens"";""2024*"";""Borsele"";9,8;45;38,5;67,2;54,2
""Particuliere huishoudens incl. studenten"";""Particuliere huishoudens"";""2024*"";""Boxtel"";15,2;43,6;37,5;63,9;50,2
""Particuliere huishoudens incl. studenten"";""Particuliere huishoudens"";""2024*"";""Breda"";90,7;42,8;36,8;60,7;46,2
""Particuliere huishoudens incl. studenten"";""Particuliere huishoudens"";""2024*"";""Bronckhorst"";15,7;44;38,6;65,4;54,2
""Particuliere huishoudens incl. studenten"";""Particuliere huishoudens"";""2024*"";""Brummen"";9,4;44;38,4;64;53,5
""Particuliere huishoudens incl. studenten"";""Particuliere huishoudens"";""2024*"";""Brunssum"";13,7;35,9;33,1;49,7;41,7
""Particuliere huishoudens incl. studenten"";""Particuliere huishoudens"";""2024*"";""Bunnik"";6,9;49,4;43,8;73,3;62,3
""Particuliere huishoudens incl. studenten"";""Particuliere huishoudens"";""2024*"";""Bunschoten"";8,8;46,1;39,7;71,7;60,3
""Particuliere huishoudens incl. studenten"";""Particuliere huishoudens"";""2024*"";""Buren"";11,7;45,4;40,2;68,7;58,5
""Particuliere huishoudens incl. studenten"";""Particuliere huishoudens"";""2024*"";""Capelle aan den IJssel"";31,7;39,9;36;56,7;46,3
""Particuliere huishoudens incl. studenten"";""Particuliere huishoudens"";""2024*"";""Castricum"";16,2;48,6;42,2;70,8;57,7
""Particuliere huishoudens incl. studenten"";""Particuliere huishoudens"";""2024*"";""Coevorden"";15,8;39,5;36,4;57,6;48,8
""Particuliere huishoudens incl. studenten"";""Particuliere huishoudens"";""2024*"";""Cranendonck"";9,1;43,8;38,3;64,3;52,1
""Particuliere huishoudens incl. studenten"";""Particuliere huishoudens"";""2024*"";""Culemborg"";13,1;43,2;39,2;63,3;54,1
""Particuliere huishoudens incl. studenten"";""Particuliere huishoudens"";""2024*"";""Dalfsen"";12,2;42,9;39,2;65,1;56,8
""Particuliere huishoudens incl. studenten"";""Particuliere huishoudens"";""2024*"";""Dantumadiel"";8;36,7;33,2;55,3;46,1
""Particuliere huishoudens incl. studenten"";""Particuliere huishoudens"";""2024*"";""Delft"";60,4;34;30,3;45,6;35
""Particuliere huishoudens incl. studenten"";""Particuliere huishoudens"";""2024*"";""Deurne"";14,4;41,9;37,6;62,1;51,6
""Particuliere huishoudens incl. studenten"";""Particuliere huishoudens"";""2024*"";""Deventer"";48,1;39;35,7;55,6;46,1
""Particuliere huishoudens incl. studenten"";""Particuliere huishoudens"";""2024*"";""Diemen"";15,9;40,6;37,5;56,8;47,4
""Particuliere huishoudens incl. studenten"";""Particuliere huishoudens"";""2024*"";""Dijk en Waard"";37,8;43;39,3;64,1;55,3
""Particuliere huishoudens incl. studenten"";""Particuliere huishoudens"";""2024*"";""Dinkelland"";10,7;46,2;39,8;71,9;58,2
""Particuliere huishoudens incl. studenten"";""Particuliere huishoudens"";""2024*"";""Doesburg"";5,4;37,6;34,4;52,3;44,9
""Particuliere huishoudens incl. studenten"";""Particuliere huishoudens"";""2024*"";""Doetinchem"";26,7;41,3;36,2;60,2;48,5
""Particuliere huishoudens incl. studenten"";""Particuliere huishoudens"";""2024*"";""Dongen"";11,8;42,3;38,8;62,5;54,1
""Particuliere huishoudens incl. studenten"";""Particuliere huishoudens"";""2024*"";""Dordrecht"";57;40,4;36,1;57,5;46,4
""Particuliere huishoudens incl. studenten"";""Particuliere huishoudens"";""2024*"";""Drechterland"";8,7;43,8;39;65,9;54,4
""Particuliere huishoudens incl. studenten"";""Particuliere huishoudens"";""2024*"";""Drimmelen"";12,3;44,4;39,2;65,7;54,9
""Particuliere huishoudens incl. studenten"";""Particuliere huishoudens"";""2024*"";""Dronten"";19,2;40,2;37,4;59,2;52,2
""Particuliere huishoudens incl. studenten"";""Particuliere huishoudens"";""2024*"";""Druten"";8,3;43,9;38,5;64,6;54,6
""Particuliere huishoudens incl. studenten"";""Particuliere huishoudens"";""2024*"";""Duiven"";10,8;42,5;38,8;63,3;54,9
""Particuliere huishoudens incl. studenten"";""Particuliere huishoudens"";""2024*"";""Echt-Susteren"";14,5;40,8;37;59;49,1
""Particuliere huishoudens incl. studenten"";""Particuliere huishoudens"";""2024*"";""Edam-Volendam"";15,5;47,6;41,1;72,7;58,2
""Particuliere huishoudens incl. studenten"";""Particuliere huishoudens"";""2024*"";""Ede"";52,5;43,3;38,1;64,2;52,7
""Particuliere huishoudens incl. studenten"";""Particuliere huishoudens"";""2024*"";""Eemnes"";4,2;49,8;41,1;74,5;57,7
""Particuliere huishoudens incl. studenten"";""Particuliere huishoudens"";""2024*"";""Eemsdelta"";21;36,1;33,1;50,9;42,8
""Particuliere huishoudens incl. studenten"";""Particuliere huishoudens"";""2024*"";""Eersel"";8,5;48,7;40,9;73,3;58,1
""Particuliere huishoudens incl. studenten"";""Particuliere huishoudens"";""2024*"";""Eijsden-Margraten"";11,4;44,9;40,5;66,1;56,7
""Particuliere huishoudens incl. studenten"";""Particuliere huishoudens"";""2024*"";""Eindhoven"";125;39,5;34,7;54,2;41,8
""Particuliere huishoudens incl. studenten"";""Particuliere huishoudens"";""2024*"";""Elburg"";9,6;42,5;37,1;64,5;54,1
""Particuliere huishoudens incl. studenten"";""Particuliere huishoudens"";""2024*"";""Emmen"";50,1;37;33,7;53,2;44,4
""Particuliere huishoudens incl. studenten"";""Particuliere huishoudens"";""2024*"";""Enkhuizen"";8,8;41;35,5;58,4;45,6
""Particuliere huishoudens incl. studenten"";""Particuliere huishoudens"";""2024*"";""Enschede"";79,1;34,7;31,1;48,7;38,2
""Particuliere huishoudens incl. studenten"";""Particuliere huishoudens"";""2024*"";""Epe"";14,4;44,6;37,4;65,4;51,9
""Particuliere huishoudens incl. studenten"";""Particuliere huishoudens"";""2024*"";""Ermelo"";11,8;45,5;37,9;67,9;52,6
""Particuliere huishoudens incl. studenten"";""Particuliere huishoudens"";""2024*"";""Etten-Leur"";19,9;42;37,9;61,8;51,7
""Particuliere huishoudens incl. studenten"";""Particuliere huishoudens"";""2024*"";""De Fryske Marren"";22,6;40,9;36,6;60;50,1
""Particuliere huishoudens incl. studenten"";""Particuliere huishoudens"";""2024*"";""Geertruidenberg"";9,8;43,4;37,4;63,1;51,5
""Particuliere huishoudens incl. studenten"";""Particuliere huishoudens"";""2024*"";""Geldrop-Mierlo"";18,3;44,3;38,3;64,9;52
""Particuliere huishoudens incl. studenten"";""Particuliere huishoudens"";""2024*"";""Gemert-Bakel"";13,4;41,8;37,6;62,6;53,1
""Particuliere huishoudens incl. studenten"";""Particuliere huishoudens"";""2024*"";""Gennep"";7,8;40,7;37,2;59,3;49,7
""Particuliere huishoudens incl. studenten"";""Particuliere huishoudens"";""2024*"";""Gilze en Rijen"";11,4;42;38,2;62,4;52,9
""Particuliere huishoudens incl. studenten"";""Particuliere huishoudens"";""2024*"";""Goeree-Overflakkee"";22,2;44,3;38,4;65,7;53,2
""Particuliere huishoudens incl. studenten"";""Particuliere huishoudens"";""2024*"";""Goes"";18,6;45;36,3;63,8;47,1
""Particuliere huishoudens incl. studenten"";""Particuliere huishoudens"";""2024*"";""Goirle"";10,5;44,8;40,2;66,4;57,1
""Particuliere huishoudens incl. studenten"";""Particuliere huishoudens"";""2024*"";""Gooise Meren"";27;57,7;42,5;85,9;56,5
""Particuliere huishoudens incl. studenten"";""Particuliere huishoudens"";""2024*"";""Gorinchem"";17,4;40,9;36,3;59,2;48
""Particuliere huishoudens incl. studenten"";""Particuliere huishoudens"";""2024*"";""Gouda"";35;40,4;37,1;57,4;48,1
""Particuliere huishoudens incl. studenten"";""Particuliere huishoudens"";""2024*"";""'s-Gravenhage (gemeente)"";274;39,5;33,7;55,1;41,4
""Particuliere huishoudens incl. studenten"";""Particuliere huishoudens"";""2024*"";""Groningen (gemeente)"";138,2;32,5;29,3;42,8;33,2
""Particuliere huishoudens incl. studenten"";""Particuliere huishoudens"";""2024*"";""Gulpen-Wittem"";6,6;40,6;37,1;57,9;49,6
""Particuliere huishoudens incl. studenten"";""Particuliere huishoudens"";""2024*"";""Haaksbergen"";10,4;43,9;38;65,5;52,9
""Particuliere huishoudens incl. studenten"";""Particuliere huishoudens"";""2024*"";""Haarlem"";80;43,6;38,4;61,6;48,4
""Particuliere huishoudens incl. studenten"";""Particuliere huishoudens"";""2024*"";""Haarlemmermeer"";68,8;45,9;41,2;68,9;58,5
""Particuliere huishoudens incl. studenten"";""Particuliere huishoudens"";""2024*"";""Halderberge"";13,5;41,5;37,5;61,3;51,6
""Particuliere huishoudens incl. studenten"";""Particuliere huishoudens"";""2024*"";""Hardenberg"";25,6;41,1;37,2;62,1;53,8
""Particuliere huishoudens incl. studenten"";""Particuliere huishoudens"";""2024*"";""Harderwijk"";21,4;42,4;37,8;62,2;52,2
""Particuliere huishoudens incl. studenten"";""Particuliere huishoudens"";""2024*"";""Hardinxveld-Giessendam"";7,4;43,8;38;67,8;55,2
""Particuliere huishoudens incl. studenten"";""Particuliere huishoudens"";""2024*"";""Harlingen"";7,8;36,6;32,7;50,9;42,3
""Particuliere huishoudens incl. studenten"";""Particuliere huishoudens"";""2024*"";""Hattem"";5,3;43,8;39;66,2;55,7
""Particuliere huishoudens incl. studenten"";""Particuliere huishoudens"";""2024*"";""Heemskerk"";17,6;41,5;38,3;60,4;51,2
""Particuliere huishoudens incl. studenten"";""Particuliere huishoudens"";""2024*"";""Heemstede"";12,2;59,1;45,1;88,2;60,2
""Particuliere huishoudens incl. studenten"";""Particuliere huishoudens"";""2024*"";""Heerde"";8;43,2;38,3;64,9;55,4
""Particuliere huishoudens incl. studenten"";""Particuliere huishoudens"";""2024*"";""Heerenveen"";23,8;40,9;35,4;58,7;46,6
""Particuliere huishoudens incl. studenten"";""Particuliere huishoudens"";""2024*"";""Heerlen"";45,7;34;30,7;45,7;37,3
""Particuliere huishoudens incl. studenten"";""Particuliere huishoudens"";""2024*"";""Heeze-Leende"";7,2;50,3;42,7;74,7;60,3
""Particuliere huishoudens incl. studenten"";""Particuliere huishoudens"";""2024*"";""Heiloo"";11,1;49,1;41,9;71,8;56,4
""Particuliere huishoudens incl. studenten"";""Particuliere huishoudens"";""2024*"";""Den Helder"";27,5;37,3;34,8;51,5;43,6
""Particuliere huishoudens incl. studenten"";""Particuliere huishoudens"";""2024*"";""Hellendoorn"";14,9;42,7;37,8;64,6;53,8
""Particuliere huishoudens incl. studenten"";""Particuliere huishoudens"";""2024*"";""Helmond"";43,2;39,6;35,3;57,9;47,2
""Particuliere huishoudens incl. studenten"";""Particuliere huishoudens"";""2024*"";""Hendrik-Ido-Ambacht"";12,8;47;41,5;73,1;62,5
""Particuliere huishoudens incl. studenten"";""Particuliere huishoudens"";""2024*"";""Hengelo (O.)"";39,6;38,1;34,9;54;44,7
""Particuliere huishoudens incl. studenten"";""Particuliere huishoudens"";""2024*"";""'s-Hertogenbosch"";77;43,6;37,6;61,9;48,1
""Particuliere huishoudens incl. studenten"";""Particuliere huishoudens"";""2024*"";""Heumen"";7,4;46,7;41;68,6;56,4
""Particuliere huishoudens incl. studenten"";""Particuliere huishoudens"";""2024*"";""Heusden"";19,9;44,8;38,9;66,9;54,7
""Particuliere huishoudens incl. studenten"";""Particuliere huishoudens"";""2024*"";""Hillegom"";10,3;42,3;38,8;61,5;52,8
""Particuliere huishoudens incl. studenten"";""Particuliere huishoudens"";""2024*"";""Hilvarenbeek"";6,8;47,1;41,5;70,6;59,1
""Particuliere huishoudens incl. studenten"";""Particuliere huishoudens"";""2024*"";""Hilversum"";44,5;44,7;37,5;64;47,2
""Particuliere huishoudens incl. studenten"";""Particuliere huishoudens"";""2024*"";""Hoeksche Waard"";38,7;50;40,3;74,1;56,9
""Particuliere huishoudens incl. studenten"";""Particuliere huishoudens"";""2024*"";""Hof van Twente"";15,3;42,9;38,3;63,9;53,3
""Particuliere huishoudens incl. studenten"";""Particuliere huishoudens"";""2024*"";""Het Hogeland"";21,8;37,1;34,5;53,3;45,5
""Particuliere huishoudens incl. studenten"";""Particuliere huishoudens"";""2024*"";""Hollands Kroon"";21,9;41,1;37,3;60,5;50,9
""Particuliere huishoudens incl. studenten"";""Particuliere huishoudens"";""2024*"";""Hoogeveen"";25;37,8;34,2;54,6;45,1
""Particuliere huishoudens incl. studenten"";""Particuliere huishoudens"";""2024*"";""Hoorn"";34,5;43,7;36,8;62,3;49
""Particuliere huishoudens incl. studenten"";""Particuliere huishoudens"";""2024*"";""Horst aan de Maas"";19,3;42,5;38,1;62,7;52,5
""Particuliere huishoudens incl. studenten"";""Particuliere huishoudens"";""2024*"";""Houten"";21,1;47,5;43,3;71,7;63,5
""Particuliere huishoudens incl. studenten"";""Particuliere huishoudens"";""2024*"";""Huizen"";18,7;51;38,9;74,4;51,9
""Particuliere huishoudens incl. studenten"";""Particuliere huishoudens"";""2024*"";""Hulst"";12,7;42,3;37,1;59,9;48,5
""Particuliere huishoudens incl. studenten"";""Particuliere huishoudens"";""2024*"";""IJsselstein"";14,4;46,5;40,6;69,3;56,8
""Particuliere huishoudens incl. studenten"";""Particuliere huishoudens"";""2024*"";""Kaag en Braassem"";12,7;47,8;40,3;70,8;57
""Particuliere huishoudens incl. studenten"";""Particuliere huishoudens"";""2024*"";""Kampen"";23;39;36,3;58,8;51,4
""Particuliere huishoudens incl. studenten"";""Particuliere huishoudens"";""2024*"";""Kapelle"";5,5;42,5;39,3;63,6;55,9
""Particuliere huishoudens incl. studenten"";""Particuliere huishoudens"";""2024*"";""Katwijk"";27,2;43,4;38,6;66,1;55
""Particuliere huishoudens incl. studenten"";""Particuliere huishoudens"";""2024*"";""Kerkrade"";22,8;34;31,1;46,5;38,9
""Particuliere huishoudens incl. studenten"";""Particuliere huishoudens"";""2024*"";""Koggenland"";9,9;43,9;39,8;66,3;56,8
""Particuliere huishoudens incl. studenten"";""Particuliere huishoudens"";""2024*"";""Krimpen aan den IJssel"";12,5;43,2;37,3;64,7;51,5
""Particuliere huishoudens incl. studenten"";""Particuliere huishoudens"";""2024*"";""Krimpenerwaard"";24,5;45,2;38,8;67,8;54,4
""Particuliere huishoudens incl. studenten"";""Particuliere huishoudens"";""2024*"";""Laarbeek"";9,8;43,7;38,6;65,9;54,2
""Particuliere huishoudens incl. studenten"";""Particuliere huishoudens"";""2024*"";""Land van Cuijk"";39,5;42,3;38,3;62,7;53
""Particuliere huishoudens incl. studenten"";""Particuliere huishoudens"";""2024*"";""Landgraaf"";17,7;37,2;34,4;52,3;44,3
""Particuliere huishoudens incl. studenten"";""Particuliere huishoudens"";""2024*"";""Landsmeer"";4,9;52,6;41,9;77,9;59,1
""Particuliere huishoudens incl. studenten"";""Particuliere huishoudens"";""2024*"";""Lansingerland"";25,4;53,1;44,2;83;67,5
""Particuliere huishoudens incl. studenten"";""Particuliere huishoudens"";""2024*"";""Laren (NH.)"";5,1;154,4;45,4;219,3;60,9
""Particuliere huishoudens incl. studenten"";""Particuliere huishoudens"";""2024*"";""Leeuwarden"";65,7;34,9;32,2;47,8;39,1
""Particuliere huishoudens incl. studenten"";""Particuliere huishoudens"";""2024*"";""Leiden"";71,2;36,6;32,8;49,4;37,9
""Particuliere huishoudens incl. studenten"";""Particuliere huishoudens"";""2024*"";""Leiderdorp"";12,6;44,4;40,4;64,2;54,2
""Particuliere huishoudens incl. studenten"";""Particuliere huishoudens"";""2024*"";""Leidschendam-Voorburg"";37,3;45,5;39,7;64,4;50
""Particuliere huishoudens incl. studenten"";""Particuliere huishoudens"";""2024*"";""Lelystad"";36,7;38,6;35,7;56,5;48,3
""Particuliere huishoudens incl. studenten"";""Particuliere huishoudens"";""2024*"";""Leudal"";16;42,3;38,5;61,7;52,8
""Particuliere huishoudens incl. studenten"";""Particuliere huishoudens"";""2024*"";""Leusden"";13,8;47,2;41,8;69,6;58,7
""Particuliere huishoudens incl. studenten"";""Particuliere huishoudens"";""2024*"";""Lingewaard"";20,1;42,9;39,2;64,4;55,7
""Particuliere huishoudens incl. studenten"";""Particuliere huishoudens"";""2024*"";""Lisse"";10,6;44,3;38,8;64,5;52,9
""Particuliere huishoudens incl. studenten"";""Particuliere huishoudens"";""2024*"";""Lochem"";15,3;51,9;39,4;75,4;54,1
""Particuliere huishoudens incl. studenten"";""Particuliere huishoudens"";""2024*"";""Loon op Zand"";10,4;43,1;38,6;63,8;54,2
""Particuliere huishoudens incl. studenten"";""Particuliere huishoudens"";""2024*"";""Lopik"";5,9;46,8;41;71,9;60,2
""Particuliere huishoudens incl. studenten"";""Particuliere huishoudens"";""2024*"";""Losser"";9,8;40,5;36,8;60,7;51,4
""Particuliere huishoudens incl. studenten"";""Particuliere huishoudens"";""2024*"";""Maasdriel"";11,2;44,8;38,3;67,3;54,1
""Particuliere huishoudens incl. studenten"";""Particuliere huishoudens"";""2024*"";""Maasgouw"";11;43,1;38,3;61,9;51,5
""Particuliere huishoudens incl. studenten"";""Particuliere huishoudens"";""2024*"";""Maashorst"";26;44,6;37,9;66,3;51,6
""Particuliere huishoudens incl. studenten"";""Particuliere huishoudens"";""2024*"";""Maassluis"";15,9;40,1;36,6;58,1;48,9
""Particuliere huishoudens incl. studenten"";""Particuliere huishoudens"";""2024*"";""Maastricht"";65,5;34,6;29,7;46,4;35,3
""Particuliere huishoudens incl. studenten"";""Particuliere huishoudens"";""2024*"";""Medemblik"";19,7;42;37,6;62,7;52,2
""Particuliere huishoudens incl. studenten"";""Particuliere huishoudens"";""2024*"";""Meerssen"";8,5;44,4;39,5;64,1;53,6
""Particuliere huishoudens incl. studenten"";""Particuliere huishoudens"";""2024*"";""Meierijstad"";36,6;45,6;38,6;67,4;53,7
""Particuliere huishoudens incl. studenten"";""Particuliere huishoudens"";""2024*"";""Meppel"";16,4;39,7;36,2;56,9;47,2
""Particuliere huishoudens incl. studenten"";""Particuliere huishoudens"";""2024*"";""Middelburg (Z.)"";23,7;39;35,6;54,6;45,3
""Particuliere huishoudens incl. studenten"";""Particuliere huishoudens"";""2024*"";""Midden-Delfland"";8;54,8;43;83,8;62,7
""Particuliere huishoudens incl. studenten"";""Particuliere huishoudens"";""2024*"";""Midden-Drenthe"";14,9;40,6;38;59,7;52,9
""Particuliere huishoudens incl. studenten"";""Particuliere huishoudens"";""2024*"";""Midden-Groningen"";28,4;36,6;33,5;52,2;43,9
""Particuliere huishoudens incl. studenten"";""Particuliere huishoudens"";""2024*"";""Moerdijk"";16,9;41,9;38,2;61,5;52,8
""Particuliere huishoudens incl. studenten"";""Particuliere huishoudens"";""2024*"";""Molenlanden"";17,6;49,6;39,9;77,7;59,5
""Particuliere huishoudens incl. studenten"";""Particuliere huishoudens"";""2024*"";""Montferland"";16,2;40,9;36,7;60,7;50,7
""Particuliere huishoudens incl. studenten"";""Particuliere huishoudens"";""2024*"";""Montfoort"";5,8;50,2;41,9;76,9;59,8
""Particuliere huishoudens incl. studenten"";""Particuliere huishoudens"";""2024*"";""Mook en Middelaar"";3,8;60,7;41;86,6;56
""Particuliere huishoudens incl. studenten"";""Particuliere huishoudens"";""2024*"";""Neder-Betuwe"";9,6;40,8;36,8;64,7;55,8
""Particuliere huishoudens incl. studenten"";""Particuliere huishoudens"";""2024*"";""Nederweert"";7,7;42,5;37,9;63,6;52,8
""Particuliere huishoudens incl. studenten"";""Particuliere huishoudens"";""2024*"";""Nieuwegein"";30,7;40,2;38,1;57,2;49,7
""Particuliere huishoudens incl. studenten"";""Particuliere huishoudens"";""2024*"";""Nieuwkoop"";12,2;47,7;40,7;71,6;59,4
""Particuliere huishoudens incl. studenten"";""Particuliere huishoudens"";""2024*"";""Nijkerk"";18,5;46,3;39,6;70,6;57,6
""Particuliere huishoudens incl. studenten"";""Particuliere huishoudens"";""2024*"";""Nijmegen"";100,4;35,1;31,1;47,5;36,3
""Particuliere huishoudens incl. studenten"";""Particuliere huishoudens"";""2024*"";""Nissewaard"";39,5;39,5;37,1;57,1;49,7
""Particuliere huishoudens incl. studenten"";""Particuliere huishoudens"";""2024*"";""Noardeast-Fryslân"";20,1;36,6;33,9;53,7;45,6
""Particuliere huishoudens incl. studenten"";""Particuliere huishoudens"";""2024*"";""Noord-Beveland"";3,9;40,7;37,3;56,9;48,2
""Particuliere huishoudens incl. studenten"";""Particuliere huishoudens"";""2024*"";""Noordenveld"";14,3;42;38;60,3;51,1
""Particuliere huishoudens incl. studenten"";""Particuliere huishoudens"";""2024*"";""Noordoostpolder"";21;39,8;36,2;59,1;50,6
""Particuliere huishoudens incl. studenten"";""Particuliere huishoudens"";""2024*"";""Noordwijk"";20,8;51,8;39,3;74,8;52,6
""Particuliere huishoudens incl. studenten"";""Particuliere huishoudens"";""2024*"";""Nuenen, Gerwen en Nederwetten"";10,6;50,1;42,7;74,1;59,8
""Particuliere huishoudens incl. studenten"";""Particuliere huishoudens"";""2024*"";""Nunspeet"";11,6;42,9;37,1;65,6;54,3
""Particuliere huishoudens incl. studenten"";""Particuliere huishoudens"";""2024*"";""Oegstgeest"";11,1;54,3;45,8;80,8;62,8
""Particuliere huishoudens incl. studenten"";""Particuliere huishoudens"";""2024*"";""Oirschot"";8,1;48,4;40,9;72,8;58,3
""Particuliere huishoudens incl. studenten"";""Particuliere huishoudens"";""2024*"";""Oisterwijk"";14,4;52,7;40,4;77,8;55,8
""Particuliere huishoudens incl. studenten"";""Particuliere huishoudens"";""2024*"";""Oldambt"";18,8;35,6;32,4;50,2;41,7
""Particuliere huishoudens incl. studenten"";""Particuliere huishoudens"";""2024*"";""Oldebroek"";9,6;40,3;37,3;62,2;55,3
""Particuliere huishoudens incl. studenten"";""Particuliere huishoudens"";""2024*"";""Oldenzaal"";14,3;40,9;36,7;59,8;48,9
""Particuliere huishoudens incl. studenten"";""Particuliere huishoudens"";""2024*"";""Olst-Wijhe"";8;43,5;38,6;65,1;54,8
""Particuliere huishoudens incl. studenten"";""Particuliere huishoudens"";""2024*"";""Ommen"";8;42;37,8;62,8;52,7
""Particuliere huishoudens incl. studenten"";""Particuliere huishoudens"";""2024*"";""Oost Gelre"";12,8;42,6;38,4;63,7;53,8
""Particuliere huishoudens incl. studenten"";""Particuliere huishoudens"";""2024*"";""Oosterhout"";26,2;43,7;37,4;63;50,4
""Particuliere huishoudens incl. studenten"";""Particuliere huishoudens"";""2024*"";""Ooststellingwerf"";11,6;38,2;35,2;55,3;46,8
""Particuliere huishoudens incl. studenten"";""Particuliere huishoudens"";""2024*"";""Oostzaan"";4,1;47,1;40,8;71,2;58
""Particuliere huishoudens incl. studenten"";""Particuliere huishoudens"";""2024*"";""Opmeer"";5,3;42,9;38,2;64;53
""Particuliere huishoudens incl. studenten"";""Particuliere huishoudens"";""2024*"";""Opsterland"";12,8;41,1;37,2;60,8;51,9
""Particuliere huishoudens incl. studenten"";""Particuliere huishoudens"";""2024*"";""Oss"";42,4;42;36,8;61,6;49,2
""Particuliere huishoudens incl. studenten"";""Particuliere huishoudens"";""2024*"";""Oude IJsselstreek"";17,4;40,1;35,6;59;48,4
""Particuliere huishoudens incl. studenten"";""Particuliere huishoudens"";""2024*"";""Ouder-Amstel"";6,6;52,1;41,1;76,4;54,9
""Particuliere huishoudens incl. studenten"";""Particuliere huishoudens"";""2024*"";""Oudewater"";4,4;53,3;40,5;81,7;55,7
""Particuliere huishoudens incl. studenten"";""Particuliere huishoudens"";""2024*"";""Overbetuwe"";20,4;44,3;39,8;66,8;57
""Particuliere huishoudens incl. studenten"";""Particuliere huishoudens"";""2024*"";""Papendrecht"";14,3;42,5;38,5;62,4;52,4
""Particuliere huishoudens incl. studenten"";""Particuliere huishoudens"";""2024*"";""Peel en Maas"";19,9;41;37,3;60,7;51,3
""Particuliere huishoudens incl. studenten"";""Particuliere huishoudens"";""2024*"";""Pekela"";5,7;34,3;31,6;49,2;41,2
""Particuliere huishoudens incl. studenten"";""Particuliere huishoudens"";""2024*"";""Pijnacker-Nootdorp"";22,7;48,9;44,2;76;66,9
""Particuliere huishoudens incl. studenten"";""Particuliere huishoudens"";""2024*"";""Purmerend"";43;40,9;37,5;59,1;50,2
""Particuliere huishoudens incl. studenten"";""Particuliere huishoudens"";""2024*"";""Putten"";10,1;46;38,5;70;56,1
""Particuliere huishoudens incl. studenten"";""Particuliere huishoudens"";""2024*"";""Raalte"";16,3;42,5;38,2;63,5;53,6
""Particuliere huishoudens incl. studenten"";""Particuliere huishoudens"";""2024*"";""Reimerswaal"";9,4;42,5;36,4;64,5;52,2
""Particuliere huishoudens incl. studenten"";""Particuliere huishoudens"";""2024*"";""Renkum"";14,9;45,9;39;64,8;50,8
""Particuliere huishoudens incl. studenten"";""Particuliere huishoudens"";""2024*"";""Renswoude"";2,2;;39,7;;59,7
""Particuliere huishoudens incl. studenten"";""Particuliere huishoudens"";""2024*"";""Reusel-De Mierden"";5,8;43,4;39,1;65,2;55,1
""Particuliere huishoudens incl. studenten"";""Particuliere huishoudens"";""2024*"";""Rheden"";21,3;39,5;35,2;55,3;44,1
""Particuliere huishoudens incl. studenten"";""Particuliere huishoudens"";""2024*"";""Rhenen"";8,5;46,3;38,2;68,6;53,9
""Particuliere huishoudens incl. studenten"";""Particuliere huishoudens"";""2024*"";""Ridderkerk"";21,3;41,1;36,6;59,7;48,4
""Particuliere huishoudens incl. studenten"";""Particuliere huishoudens"";""2024*"";""Rijssen-Holten"";14,7;46,4;37,8;74,2;57,5
""Particuliere huishoudens incl. studenten"";""Particuliere huishoudens"";""2024*"";""Rijswijk (ZH.)"";28,6;40,5;36,7;56,6;45,8
""Particuliere huishoudens incl. studenten"";""Particuliere huishoudens"";""2024*"";""Roerdalen"";9,5;41,7;37;59,8;49,7
""Particuliere huishoudens incl. studenten"";""Particuliere huishoudens"";""2024*"";""Roermond"";29,3;38,9;34,6;54,5;43,8
""Particuliere huishoudens incl. studenten"";""Particuliere huishoudens"";""2024*"";""De Ronde Venen"";19,8;52,8;41,5;77,9;58
""Particuliere huishoudens incl. studenten"";""Particuliere huishoudens"";""2024*"";""Roosendaal"";35,7;39,5;35,9;56,6;46,7
""Particuliere huishoudens incl. studenten"";""Particuliere huishoudens"";""2024*"";""Rotterdam"";333,3;37,4;31,9;51,3;39
""Particuliere huishoudens incl. studenten"";""Particuliere huishoudens"";""2024*"";""Rozendaal"";0,7;;;;
""Particuliere huishoudens incl. studenten"";""Particuliere huishoudens"";""2024*"";""Rucphen"";10,3;40,9;36,8;61,3;51,6
""Particuliere huishoudens incl. studenten"";""Particuliere huishoudens"";""2024*"";""Schagen"";21,4;43,2;38,1;63,4;50,9
""Particuliere huishoudens incl. studenten"";""Particuliere huishoudens"";""2024*"";""Scherpenzeel"";4,2;43,1;39,2;65,5;56,9
""Particuliere huishoudens incl. studenten"";""Particuliere huishoudens"";""2024*"";""Schiedam"";38,2;38,4;34,6;54,3;44,2
""Particuliere huishoudens incl. studenten"";""Particuliere huishoudens"";""2024*"";""Schiermonnikoog"";0,6;;;;
""Particuliere huishoudens incl. studenten"";""Particuliere huishoudens"";""2024*"";""Schouwen-Duiveland"";16;44;37,1;62,7;49,8
""Particuliere huishoudens incl. studenten"";""Particuliere huishoudens"";""2024*"";""Simpelveld"";4,9;39,2;35,5;55,9;46,4
""Particuliere huishoudens incl. studenten"";""Particuliere huishoudens"";""2024*"";""Sint-Michielsgestel"";12,5;47,6;41,3;72,4;59,1
""Particuliere huishoudens incl. studenten"";""Particuliere huishoudens"";""2024*"";""Sittard-Geleen"";45,8;38;34,3;52,7;43,4
""Particuliere huishoudens incl. studenten"";""Particuliere huishoudens"";""2024*"";""Sliedrecht"";10,9;39,4;36,4;58,6;49,3
""Particuliere huishoudens incl. studenten"";""Particuliere huishoudens"";""2024*"";""Sluis"";11,3;40,3;35,4;56,3;45,3
""Particuliere huishoudens incl. studenten"";""Particuliere huishoudens"";""2024*"";""Smallingerland"";25,7;37,7;34,4;54;44,7
""Particuliere huishoudens incl. studenten"";""Particuliere huishoudens"";""2024*"";""Soest"";21,1;46,9;40,4;68,5;55,3
""Particuliere huishoudens incl. studenten"";""Particuliere huishoudens"";""2024*"";""Someren"";8,5;47,5;38,3;70,8;54,8
""Particuliere huishoudens incl. studenten"";""Particuliere huishoudens"";""2024*"";""Son en Breugel"";7,6;50,1;42,8;74,5;61,3
""Particuliere huishoudens incl. studenten"";""Particuliere huishoudens"";""2024*"";""Stadskanaal"";14,7;35,6;32,3;50,8;42,1
""Particuliere huishoudens incl. studenten"";""Particuliere huishoudens"";""2024*"";""Staphorst"";6,3;43,1;38;69,3;59
""Particuliere huishoudens incl. studenten"";""Particuliere huishoudens"";""2024*"";""Stede Broec"";9,5;41;36,5;60,8;50,2
""Particuliere huishoudens incl. studenten"";""Particuliere huishoudens"";""2024*"";""Steenbergen"";11;42,2;37,3;62,3;50,9
""Particuliere huishoudens incl. studenten"";""Particuliere huishoudens"";""2024*"";""Steenwijkerland"";20,2;40,3;35,9;58,8;49
""Particuliere huishoudens incl. studenten"";""Particuliere huishoudens"";""2024*"";""Stein (L.)"";11,6;40,1;36,9;57,5;48,8
""Particuliere huishoudens incl. studenten"";""Particuliere huishoudens"";""2024*"";""Stichtse Vecht"";29;50,3;40,4;74,7;56,2
""Particuliere huishoudens incl. studenten"";""Particuliere huishoudens"";""2024*"";""Súdwest-Fryslân"";40,9;38,8;35,2;55,9;46,3
""Particuliere huishoudens incl. studenten"";""Particuliere huishoudens"";""2024*"";""Terneuzen"";26,2;39;35,7;54,9;46,1
""Particuliere huishoudens incl. studenten"";""Particuliere huishoudens"";""2024*"";""Terschelling"";2,6;39,2;33,9;53,2;42,2
""Particuliere huishoudens incl. studenten"";""Particuliere huishoudens"";""2024*"";""Texel"";6,7;40,4;35,4;56;45,4
""Particuliere huishoudens incl. studenten"";""Particuliere huishoudens"";""2024*"";""Teylingen"";16,6;50,4;41,7;74,7;59,4
""Particuliere huishoudens incl. studenten"";""Particuliere huishoudens"";""2024*"";""Tholen"";11,1;40,4;36,8;61,2;52
""Particuliere huishoudens incl. studenten"";""Particuliere huishoudens"";""2024*"";""Tiel"";19;39,5;35,7;57,5;47,5
""Particuliere huishoudens incl. studenten"";""Particuliere huishoudens"";""2024*"";""Tilburg"";113;36,7;33,5;51,4;41,3
""Particuliere huishoudens incl. studenten"";""Particuliere huishoudens"";""2024*"";""Tubbergen"";8,4;44,7;39,9;71,1;60
""Particuliere huishoudens incl. studenten"";""Particuliere huishoudens"";""2024*"";""Twenterand"";13,5;42,1;35,9;64,6;52,6
""Particuliere huishoudens incl. studenten"";""Particuliere huishoudens"";""2024*"";""Tynaarlo"";14,7;45,4;40,9;67,4;57,7
""Particuliere huishoudens incl. studenten"";""Particuliere huishoudens"";""2024*"";""Tytsjerksteradiel"";13,9;39,7;36,5;58,2;50,1
""Particuliere huishoudens incl. studenten"";""Particuliere huishoudens"";""2024*"";""Uitgeest"";5,7;45;41,8;67,8;59,5
""Particuliere huishoudens incl. studenten"";""Particuliere huishoudens"";""2024*"";""Uithoorn"";13,7;44,5;39,7;66;55,1
""Particuliere huishoudens incl. studenten"";""Particuliere huishoudens"";""2024*"";""Urk"";6,8;40,4;36,9;69;61,8
""Particuliere huishoudens incl. studenten"";""Particuliere huishoudens"";""2024*"";""Utrecht (gemeente)"";189,2;40,2;35,9;56;42,7
""Particuliere huishoudens incl. studenten"";""Particuliere huishoudens"";""2024*"";""Utrechtse Heuvelrug"";22,1;49,8;41,2;73,4;55,3
""Particuliere huishoudens incl. studenten"";""Particuliere huishoudens"";""2024*"";""Vaals"";5;34,4;30,3;46,4;37
""Particuliere huishoudens incl. studenten"";""Particuliere huishoudens"";""2024*"";""Valkenburg aan de Geul"";7,9;40,4;36,3;56,4;46,4
""Particuliere huishoudens incl. studenten"";""Particuliere huishoudens"";""2024*"";""Valkenswaard"";14,8;42,2;37,1;60,5;48,9
""Particuliere huishoudens incl. studenten"";""Particuliere huishoudens"";""2024*"";""Veendam"";12,8;36,2;33,7;51,8;44,3
""Particuliere huishoudens incl. studenten"";""Particuliere huishoudens"";""2024*"";""Veenendaal"";29,5;41,4;37,3;61,4;51,7
""Particuliere huishoudens incl. studenten"";""Particuliere huishoudens"";""2024*"";""Veere"";9,7;44,7;38,8;65,1;53,6
""Particuliere huishoudens incl. studenten"";""Particuliere huishoudens"";""2024*"";""Veldhoven"";20,8;45;40,1;65,6;54,7
""Particuliere huishoudens incl. studenten"";""Particuliere huishoudens"";""2024*"";""Velsen"";31,6;41,2;37,8;59,6;50,1
""Particuliere huishoudens incl. studenten"";""Particuliere huishoudens"";""2024*"";""Venlo"";48,9;38,4;33,9;54,3;43,5
""Particuliere huishoudens incl. studenten"";""Particuliere huishoudens"";""2024*"";""Venray"";20,1;40,7;36,7;59,1;49,1
""Particuliere huishoudens incl. studenten"";""Particuliere huishoudens"";""2024*"";""Vijfheerenlanden"";25,3;43,3;38,8;65,4;55,4
""Particuliere huishoudens incl. studenten"";""Particuliere huishoudens"";""2024*"";""Vlaardingen"";35,9;37,7;34,2;53,1;43,4
""Particuliere huishoudens incl. studenten"";""Particuliere huishoudens"";""2024*"";""Vlieland"";0,7;;;;
""Particuliere huishoudens incl. studenten"";""Particuliere huishoudens"";""2024*"";""Vlissingen"";22,9;36,2;33,7;49,5;41,8
""Particuliere huishoudens incl. studenten"";""Particuliere huishoudens"";""2024*"";""Voerendaal"";5,6;42,4;38,9;61,7;52,3
""Particuliere huishoudens incl. studenten"";""Particuliere huishoudens"";""2024*"";""Voorne aan Zee"";33,6;47;40,3;67,9;54,6
""Particuliere huishoudens incl. studenten"";""Particuliere huishoudens"";""2024*"";""Voorschoten"";11,3;49,2;42,6;72,3;58,2
""Particuliere huishoudens incl. studenten"";""Particuliere huishoudens"";""2024*"";""Voorst"";10,6;45,6;38,7;68,5;54,9
""Particuliere huishoudens incl. studenten"";""Particuliere huishoudens"";""2024*"";""Vught"";13,8;58,5;41,6;84,8;57,5
""Particuliere huishoudens incl. studenten"";""Particuliere huishoudens"";""2024*"";""Waadhoeke"";20,8;37,8;35,4;54,9;46,9
""Particuliere huishoudens incl. studenten"";""Particuliere huishoudens"";""2024*"";""Waalre"";7,9;60,3;43,1;92;59,8
""Particuliere huishoudens incl. studenten"";""Particuliere huishoudens"";""2024*"";""Waalwijk"";23;40,8;36,1;59,3;48,4
""Particuliere huishoudens incl. studenten"";""Particuliere huishoudens"";""2024*"";""Waddinxveen"";13,9;43,3;39,9;65,6;59,1
""Particuliere huishoudens incl. studenten"";""Particuliere huishoudens"";""2024*"";""Wageningen"";22,8;31,1;28,2;42,3;32,2
""Particuliere huishoudens incl. studenten"";""Particuliere huishoudens"";""2024*"";""Wassenaar"";11,7;77,3;42;112,7;56,5
""Particuliere huishoudens incl. studenten"";""Particuliere huishoudens"";""2024*"";""Waterland"";7,8;49,2;40,7;72,7;55,1
""Particuliere huishoudens incl. studenten"";""Particuliere huishoudens"";""2024*"";""Weert"";23,6;41,3;36,7;59,3;47,8
""Particuliere huishoudens incl. studenten"";""Particuliere huishoudens"";""2024*"";""West Betuwe"";21,5;47,2;40,5;72,3;59,3
""Particuliere huishoudens incl. studenten"";""Particuliere huishoudens"";""2024*"";""West Maas en Waal"";8,8;43;38,6;63,9;54,3
""Particuliere huishoudens incl. studenten"";""Particuliere huishoudens"";""2024*"";""Westerkwartier"";27,4;40,4;37,3;60,3;52,8
""Particuliere huishoudens incl. studenten"";""Particuliere huishoudens"";""2024*"";""Westerveld"";8,9;43,5;37,8;62,8;51,1
""Particuliere huishoudens incl. studenten"";""Particuliere huishoudens"";""2024*"";""Westervoort"";6,8;38,3;36,4;55,6;50,3
""Particuliere huishoudens incl. studenten"";""Particuliere huishoudens"";""2024*"";""Westerwolde"";11,3;37;34;53,4;45,1
""Particuliere huishoudens incl. studenten"";""Particuliere huishoudens"";""2024*"";""Westland"";49,5;48,3;39,3;72,9;55
""Particuliere huishoudens incl. studenten"";""Particuliere huishoudens"";""2024*"";""Weststellingwerf"";11,7;37,7;34,6;55,1;46,5
""Particuliere huishoudens incl. studenten"";""Particuliere huishoudens"";""2024*"";""Wierden"";10;48,5;39,7;74,3;58,5
""Particuliere huishoudens incl. studenten"";""Particuliere huishoudens"";""2024*"";""Wijchen"";18,2;42,5;38,6;63,1;53,7
""Particuliere huishoudens incl. studenten"";""Particuliere huishoudens"";""2024*"";""Wijdemeren"";10,8;56,9;41,7;83,4;58,6
""Particuliere huishoudens incl. studenten"";""Particuliere huishoudens"";""2024*"";""Wijk bij Duurstede"";10,4;44,5;40,4;65,7;56,9
""Particuliere huishoudens incl. studenten"";""Particuliere huishoudens"";""2024*"";""Winterswijk"";13,1;39,7;35,5;57,7;47,6
""Particuliere huishoudens incl. studenten"";""Particuliere huishoudens"";""2024*"";""Woensdrecht"";9,9;42,6;37,7;62,1;51,4
""Particuliere huishoudens incl. studenten"";""Particuliere huishoudens"";""2024*"";""Woerden"";22,9;47,2;40,8;70,4;57,3
""Particuliere huishoudens incl. studenten"";""Particuliere huishoudens"";""2024*"";""De Wolden"";10,4;43,4;39,2;65,1;55,8
""Particuliere huishoudens incl. studenten"";""Particuliere huishoudens"";""2024*"";""Wormerland"";7,3;43,1;38,3;63,8;51,8
""Particuliere huishoudens incl. studenten"";""Particuliere huishoudens"";""2024*"";""Woudenberg"";5,7;44,9;40,6;69,2;60,1
""Particuliere huishoudens incl. studenten"";""Particuliere huishoudens"";""2024*"";""Zaanstad"";72,3;39,4;36,1;57,1;47,7
""Particuliere huishoudens incl. studenten"";""Particuliere huishoudens"";""2024*"";""Zaltbommel"";12,6;42,6;37,9;64,3;53,9
""Particuliere huishoudens incl. studenten"";""Particuliere huishoudens"";""2024*"";""Zandvoort"";8,7;46,3;36,5;64,3;45
""Particuliere huishoudens incl. studenten"";""Particuliere huishoudens"";""2024*"";""Zeewolde"";10,3;43;39,1;63,9;56
""Particuliere huishoudens incl. studenten"";""Particuliere huishoudens"";""2024*"";""Zeist"";30,2;50,8;38,6;73,5;49,8
""Particuliere huishoudens incl. studenten"";""Particuliere huishoudens"";""2024*"";""Zevenaar"";20,5;39,2;36,2;56,6;48,4
""Particuliere huishoudens incl. studenten"";""Particuliere huishoudens"";""2024*"";""Zoetermeer"";57,5;40,7;38,3;58,8;51,2
""Particuliere huishoudens incl. studenten"";""Particuliere huishoudens"";""2024*"";""Zoeterwoude"";4,1;45,9;41,7;68,2;59
""Particuliere huishoudens incl. studenten"";""Particuliere huishoudens"";""2024*"";""Zuidplas"";19,3;48,1;41,6;72,9;61,5
""Particuliere huishoudens incl. studenten"";""Particuliere huishoudens"";""2024*"";""Zundert"";9,9;43,5;38,7;64;53,5
""Particuliere huishoudens incl. studenten"";""Particuliere huishoudens"";""2024*"";""Zutphen"";23;38,3;35,6;53,8;46
""Particuliere huishoudens incl. studenten"";""Particuliere huishoudens"";""2024*"";""Zwartewaterland"";9;45,1;37,4;70,7;56,6
""Particuliere huishoudens incl. studenten"";""Particuliere huishoudens"";""2024*"";""Zwijndrecht"";20,4;40,8;35,9;58,6;47,4
""Particuliere huishoudens incl. studenten"";""Particuliere huishoudens"";""2024*"";""Zwolle"";62,6;40,3;36,3;57,4;46,7
"